{
  "player": "Antoine Griezmann",
  "total_shots": 92,
  "shots_with_features": 92,
  "goals": 22,
  "conversion_rate": 0.2391304347826087,
  "total_xg_statsbomb": 15.968187153,
  "total_xg_our_model": 13.05133833307773,
  "avg_xg_per_shot_sb": 0.1735672516630435,
  "avg_xg_per_shot_ours": 0.1418623731856275,
  "goals_minus_xg_sb": 6.031812846999999,
  "goals_minus_xg_ours": 8.94866166692227,
  "shot_types": {
    "Open Play": 85,
    "Free Kick": 5,
    "Penalty": 2
  },
  "body_parts": {
    "Left Foot": 70,
    "Head": 11,
    "Right Foot": 11
  },
  "avg_distance": 17.472209897828858,
  "avg_angle": 27.910969111086892
}