{
  "roc_auc": 0.824548007122312,
  "brier": 0.08115797327347606,
  "log_loss": 0.2797944171292967,
  "n_shots": 5006,
  "n_goals": 596,
  "total_xg": 548.2029934669496,
  "sb_roc_auc": 0.8350081419592444,
  "sb_brier": 0.08031604654222323,
  "sb_log_loss": 0.2749867076949697,
  "sb_total_xg": 555.1946033759,
  "feature_importance": {
    "is_header": 0.20562735199928284,
    "goal_visible_pct": 0.20278459787368774,
    "distance_to_goal": 0.18522582948207855,
    "angle_to_goal": 0.18260006606578827,
    "gk_distance_from_goal_line": 0.1138749048113823,
    "dist_nearest_defender": 0.10988723486661911
  },
  "hyperparameters": {
    "n_estimators": 200,
    "max_depth": 4,
    "learning_rate": 0.05,
    "min_child_weight": 5,
    "subsample": 0.8,
    "colsample_bytree": 0.8,
    "reg_alpha": 0.1,
    "reg_lambda": 1.0
  },
  "griezmann": {
    "player": "Antoine Griezmann",
    "total_shots": 92,
    "total_goals": 22,
    "conversion_rate": 0.2391304347826087,
    "statsbomb_xg": 15.968187153,
    "goals_minus_sb_xg": 6.031812846999999,
    "our_xg": 14.104000504873692,
    "goals_minus_our_xg": 7.895999495126308
  }
}