{
  "cv_results": {
    "Logistic Regression": {
      "roc_auc_mean": 0.7935670496286564,
      "roc_auc_std": 0.026878534596093788,
      "brier_mean": 0.08093682844774049,
      "brier_std": 0.002806198970940201,
      "log_loss_mean": 0.2789432982882288,
      "log_loss_std": 0.009798785051130318
    },
    "Random Forest": {
      "roc_auc_mean": 0.793686177842722,
      "roc_auc_std": 0.0290153213536549,
      "brier_mean": 0.08108269361078939,
      "brier_std": 0.002793543305996894,
      "log_loss_mean": 0.2790797483949476,
      "log_loss_std": 0.01176645376002702
    },
    "XGBoost": {
      "roc_auc_mean": 0.7853083726573182,
      "roc_auc_std": 0.023224699805425946,
      "brier_mean": 0.08196794469526239,
      "brier_std": 0.002904932449825999,
      "log_loss_mean": 0.282595239763989,
      "log_loss_std": 0.011977031148929083
    },
    "LightGBM": {
      "roc_auc_mean": 0.78611024009974,
      "roc_auc_std": 0.024586539369711988,
      "brier_mean": 0.08207021401504355,
      "brier_std": 0.0027028765334943194,
      "log_loss_mean": 0.282826999333155,
      "log_loss_std": 0.012161515114482888
    }
  },
  "delta_stats": {
    "mean_diff": 0.0016921483947216086,
    "std_diff": 0.093767270330062,
    "mae": 0.052443072234700315,
    "correlation": 0.7448199608839754
  }
}