{
  "best_brier": 0.07221245335958051,
  "best_params": {
    "n_estimators": 343,
    "max_depth": 3,
    "learning_rate": 0.01950887809816843,
    "min_child_weight": 3,
    "subsample": 0.8846788367732265,
    "colsample_bytree": 0.9629976096550718,
    "reg_alpha": 0.10276156361956654,
    "reg_lambda": 1.021592169559238
  },
  "n_trials": 100
}