{
  "best_brier": 0.07316157139997861,
  "best_params": {
    "n_estimators": 102,
    "max_depth": 3,
    "learning_rate": 0.017315931624664042,
    "min_child_weight": 3,
    "subsample": 0.7143044006749643,
    "colsample_bytree": 0.6163157630812139,
    "reg_alpha": 0.02099815481056047,
    "reg_lambda": 0.00762261924797735
  },
  "n_trials": 100
}