model,calibrated,roc_auc,brier,log_loss,mean_pred
Logistic Regression,False,0.7869986194148963,0.08631895942287528,0.29506994662649766,0.10145514867325774
Logistic Regression,True,0.7864240559810523,0.08649101363081561,0.3149485284599236,0.10130296257471569
XGBoost,False,0.7858427569900794,0.08736246403686654,0.29671893013494977,0.09985820949077606
XGBoost,True,0.7868408440918551,0.08711107648466318,0.29635661030782906,0.09942075590988599
LightGBM,False,0.786708174027202,0.08702687065389958,0.2963246240498409,0.09896249061863706
LightGBM,True,0.7861138121375556,0.0870478798933901,0.29613109001524573,0.09925168391744114
StatsBomb,True,0.8256780664950528,0.07928711286384853,0.27219093793588034,0.1039830682897881
